mesh,tile,token,operation_index,operation_kind,input_elements,output_elements,operation_count,measured_cycles,predicted_cycles,absolute_error,relative_error_percent
4x4,10,1,0,OP_IM2COL,4096,4096,4096,2444,2824,380,15.55
4x4,10,1,1,OP_MATMUL,11008;4096;86,2752,352256,112151,112099,52,0.05
4x4,6,1,1,OP_MATMUL,10880;4096;85,2720,348160,110947,110823,124,0.11
4x4,11,1,0,OP_RELU,8192,8192,8192,3815,3807,8,0.21
4x4,3,1,0,OP_IM2COL,2048,2048,2048,2457,2312,145,5.90
4x4,3,1,1,OP_MATMUL,16384;2048;128,2048,262144,139143,138923,220,0.16
4x4,3,1,2,OP_ADD,2048;2048,2048,2048,3383,3311,72,2.13
4x4,14,1,0,OP_MUL,8192;64,8192,8192,7038,7051,13,0.18
4x4,14,1,1,OP_REDUCE_SUM,8192,512,8192,79946,79946,0,0.00
4x4,14,1,2,OP_ALL_REDUCE_SUM,512,512,512,730,650,80,10.96
4x4,7,1,0,OP_MUL,8192;512,8192,8192,12934,12811,123,0.95
4x4,5,1,0,OP_GROUP_REDUCE,8192,1,8192,4208,4206,2,0.05
4x4,15,1,0,OP_REDUCE_MAX,64,4,64,2896,2895,1,0.03
4x4,5,1,1,OP_ALL_REDUCE_SUM,1,1,1,594,650,56,9.43
4x4,15,1,1,OP_ALL_REDUCE_MAX,4,4,4,769,650,119,15.47
4x4,5,1,2,OP_GROUP_CENTERED_REDUCE,8192;1,1,8192,7621,7621,0,0.00
4x4,15,1,2,OP_SUB,64;4,64,64,3123,3127,4,0.13
4x4,15,1,3,OP_SOFTMAX_EXP,64,64,64,3100,3099,1,0.03
4x4,5,1,4,OP_GROUP_NORMALIZE,8192;1;1;128;128,8192,8192,16547,16552,5,0.03
4x4,15,1,4,OP_REDUCE_SUM,64,4,64,2669,2669,0,0.00
4x4,15,1,5,OP_ALL_REDUCE_SUM,4,4,4,670,650,20,2.99
4x4,15,1,6,OP_DIV,64;4,64,64,3361,3364,3,0.09
