variant,token,stage,operation_phase_max_sum,collective_phase_max_sum,worst_tile_operations,worst_sender_service
baseline,0,0,45627,18668,38399,57846
baseline,1,0,60501,37392,55513,52214
baseline,2,0,57553,34580,52562,56084
baseline,3,0,57432,34507,52459,47843
baseline,0,1,47592,0,46847,11370
baseline,1,1,44047,0,43435,9571
baseline,2,1,43550,0,43110,9385
baseline,3,1,43551,0,43110,10119
baseline,0,2,7213,0,7213,23332
baseline,1,2,5889,0,5889,20891
baseline,2,2,6063,0,6063,22898
baseline,3,2,5814,0,5814,21449
baseline,0,3,30611,5111,30611,21709
baseline,1,3,24378,3418,24378,19703
baseline,2,3,23740,3300,23740,19437
baseline,3,3,23603,3258,23603,19525
baseline,0,4,44803,13146,44794,22713
baseline,1,4,39442,10592,39442,20405
baseline,2,4,39056,10850,39005,17948
baseline,3,4,39024,10957,39024,25330
baseline,0,5,5571,0,5571,32050
baseline,1,5,4426,0,4426,30172
baseline,2,5,4388,0,4388,29971
baseline,3,5,4387,0,4387,30106
baseline,0,6,7690,0,7690,47263
baseline,1,6,5918,0,5918,44760
baseline,2,6,5804,0,5804,44521
baseline,3,6,5797,0,5797,44605
baseline,0,7,40086,0,40081,0
baseline,1,7,36963,0,36963,0
baseline,2,7,36795,0,36793,0
baseline,3,7,36785,0,36783,0
new,0,0,34829,2725,34829,65286
new,1,0,31980,1863,31980,82289
new,2,0,31853,1779,31853,62724
new,3,0,31831,1781,31831,59550
new,0,1,60854,0,60402,5467
new,1,1,57039,0,56645,4040
new,2,1,56780,0,56456,4072
new,3,1,56724,0,56343,4696
new,0,2,6776,0,6776,21480
new,1,2,6208,0,6208,20643
new,2,2,6132,0,6132,19942
new,3,2,6132,0,6132,20925
new,0,3,21422,3605,21422,9587
new,1,3,17524,2581,17524,8213
new,2,3,17137,2381,17137,8184
new,3,3,17104,2381,17104,8214
new,0,4,58949,11340,56777,4676
new,1,4,54806,9309,49564,3302
new,2,4,54249,9125,49146,3159
new,3,4,54023,8928,50442,3180
new,0,5,4314,0,4314,6653
new,1,5,3679,0,3679,4894
new,2,5,3635,0,3635,5854
new,3,5,3635,0,3635,5495
new,0,6,13711,0,13711,57747
new,1,6,12582,0,12582,50190
new,2,6,12564,0,12564,51552
new,3,6,12543,0,12543,49785
new,0,7,40453,0,40453,0
new,1,7,37837,0,37834,0
new,2,7,37758,0,37756,0
new,3,7,37718,0,37718,0
