variant,stage,nodes,tiles,logical_width,logical_height,local_phase_cycles,collective_cycles,intrinsic_cycles,transfer_cycles,service_cycles
baseline,0,/base_module/stages/stages.4/stages.4.1/transformer/transformer.0/norm1/InstanceNormalization_fused_groupnorm__scaled_sum+/base_module/stages/stages.4/stages.4.1/transformer/transformer.0/norm1/InstanceNormalization_fused_groupnorm__allreduce_sum+/base_module/stages/stages.4/stages.4.1/transformer/transformer.0/norm1/InstanceNormalization_fused_groupnorm__scaled_centered_sumsq+/base_module/stages/stages.4/stages.4.1/transformer/transformer.0/norm1/InstanceNormalization_fused_groupnorm__allreduce_variance+/base_module/stages/stages.4/stages.4.1/transformer/transformer.0/norm1/InstanceNormalization_fused_groupnorm__normalize,12,6,2,12265,1360,13625,30720,44345
baseline,1,/base_module/stages/stages.4/stages.4.1/transformer/transformer.0/attn/qkv_proj/Conv__input_0_im2col_float16+/base_module/stages/stages.4/stages.4.1/transformer/transformer.0/attn/qkv_proj/Conv__output_0_gemm_float16,14,14,1,36258,0,36258,30589,66847
baseline,2,/base_module/stages/stages.4/stages.4.1/transformer/transformer.0/attn/Split,3,3,1,6168,0,6168,36774,42942
baseline,3,/base_module/stages/stages.4/stages.4.1/transformer/transformer.0/attn/Softmax__reduce_max+/base_module/stages/stages.4/stages.4.1/transformer/transformer.0/attn/Softmax__allreduce_max+/base_module/stages/stages.4/stages.4.1/transformer/transformer.0/attn/Softmax__sub+/base_module/stages/stages.4/stages.4.1/transformer/transformer.0/attn/Softmax__softmax_exp+/base_module/stages/stages.4/stages.4.1/transformer/transformer.0/attn/Softmax__reduce_sum+/base_module/stages/stages.4/stages.4.1/transformer/transformer.0/attn/Softmax__allreduce_sum+/base_module/stages/stages.4/stages.4.1/transformer/transformer.0/attn/Softmax__div,1,1,1,4342,1300,5642,18012,23654
baseline,4,/base_module/stages/stages.4/stages.4.1/transformer/transformer.0/attn/Mul+/base_module/stages/stages.4/stages.4.1/transformer/transformer.0/attn/ReduceSum__local+/base_module/stages/stages.4/stages.4.1/transformer/transformer.0/attn/ReduceSum__allreduce,6,3,2,21598,1676,23274,12129,35403
baseline,5,/base_module/stages/stages.4/stages.4.1/transformer/transformer.0/attn/Relu,1,1,1,2412,0,2412,23024,25436
baseline,6,/base_module/stages/stages.4/stages.4.1/transformer/transformer.0/attn/Mul_1,8,2,4,2616,0,2616,26664,29280
baseline,7,/base_module/stages/stages.4/stages.4.1/transformer/transformer.0/attn/out_proj/Conv__input_0_im2col_float16+/base_module/stages/stages.4/stages.4.1/transformer/transformer.0/attn/out_proj/Conv__output_0_gemm_float16+/base_module/stages/stages.4/stages.4.1/transformer/transformer.0/Add,9,9,1,29421,0,29421,20632,50053
new,0,/base_module/stages/stages.4/stages.4.1/transformer/transformer.0/norm1/InstanceNormalization_fused_groupnorm__scaled_sum+/base_module/stages/stages.4/stages.4.1/transformer/transformer.0/norm1/InstanceNormalization_fused_groupnorm__allreduce_sum+/base_module/stages/stages.4/stages.4.1/transformer/transformer.0/norm1/InstanceNormalization_fused_groupnorm__scaled_centered_sumsq+/base_module/stages/stages.4/stages.4.1/transformer/transformer.0/norm1/InstanceNormalization_fused_groupnorm__allreduce_variance+/base_module/stages/stages.4/stages.4.1/transformer/transformer.0/norm1/InstanceNormalization_fused_groupnorm__normalize,1,1,1,22839,1300,24139,27632,51771
new,1,/base_module/stages/stages.4/stages.4.1/transformer/transformer.0/attn/qkv_proj/Conv__input_0_im2col_float16+/base_module/stages/stages.4/stages.4.1/transformer/transformer.0/attn/qkv_proj/Conv__output_0_gemm_float16,10,10,1,49025,0,49025,4616,53641
new,2,/base_module/stages/stages.4/stages.4.1/transformer/transformer.0/attn/Split,1,1,1,16448,0,16448,32056,48504
new,3,/base_module/stages/stages.4/stages.4.1/transformer/transformer.0/attn/Softmax__reduce_max+/base_module/stages/stages.4/stages.4.1/transformer/transformer.0/attn/Softmax__allreduce_max+/base_module/stages/stages.4/stages.4.1/transformer/transformer.0/attn/Softmax__sub+/base_module/stages/stages.4/stages.4.1/transformer/transformer.0/attn/Softmax__softmax_exp+/base_module/stages/stages.4/stages.4.1/transformer/transformer.0/attn/Softmax__reduce_sum+/base_module/stages/stages.4/stages.4.1/transformer/transformer.0/attn/Softmax__allreduce_sum+/base_module/stages/stages.4/stages.4.1/transformer/transformer.0/attn/Softmax__div,1,1,1,4342,1300,5642,8010,13652
new,4,/base_module/stages/stages.4/stages.4.1/transformer/transformer.0/attn/Mul+/base_module/stages/stages.4/stages.4.1/transformer/transformer.0/attn/ReduceSum__local+/base_module/stages/stages.4/stages.4.1/transformer/transformer.0/attn/ReduceSum__allreduce,3,3,1,40679,2700,43379,6226,49605
new,5,/base_module/stages/stages.4/stages.4.1/transformer/transformer.0/attn/Relu,1,1,1,2412,0,2412,5024,7436
new,6,/base_module/stages/stages.4/stages.4.1/transformer/transformer.0/attn/Mul_1,1,1,1,10296,0,10296,28704,39000
new,7,/base_module/stages/stages.4/stages.4.1/transformer/transformer.0/attn/out_proj/Conv__input_0_im2col_float16+/base_module/stages/stages.4/stages.4.1/transformer/transformer.0/attn/out_proj/Conv__output_0_gemm_float16+/base_module/stages/stages.4/stages.4.1/transformer/transformer.0/Add,8,8,1,31271,0,31271,6640,37911
