variant,token,source_stage,destination_stage,transfers,worst_sender_service,max_transfer_send,max_visibility_wait
baseline,0,0,1,168,57846,7428,113404
baseline,0,6,7,72,47263,6143,407782
baseline,0,5,6,8,32050,5838,326185
baseline,0,2,4,6,13648,6931,262671
baseline,0,2,5,3,4102,4102,258375
baseline,0,4,6,24,22713,6780,66440
baseline,0,1,2,42,11370,5094,163370
baseline,0,2,3,3,5899,5899,241839
baseline,0,3,4,6,21709,5373,59849
baseline,1,6,7,72,44760,6164,9638
baseline,1,2,4,6,13367,6731,4730
baseline,1,0,1,168,52214,6667,15137
baseline,1,3,4,6,19703,3470,30076
baseline,1,5,6,8,30172,4106,4155
baseline,1,4,6,24,20405,6724,29869
baseline,1,2,5,3,5699,5699,38207
baseline,2,6,7,72,44521,6135,29421
baseline,2,2,4,6,13332,6715,16125
baseline,1,1,2,42,9571,3382,12145
baseline,1,2,3,3,3869,3869,23454
baseline,2,3,4,6,19437,3448,48497
baseline,2,0,1,168,56084,6703,18058
baseline,2,4,6,24,17948,6023,50718
baseline,2,5,6,8,29971,4083,9093
baseline,3,6,7,72,44605,5999,35340
baseline,2,2,5,3,7605,7605,53048
baseline,3,2,4,6,13357,6729,18511
baseline,3,3,4,6,19525,3466,48449
baseline,2,1,2,42,9385,3222,15299
baseline,3,0,1,168,47843,5384,18372
baseline,3,4,6,24,25330,6592,56173
baseline,3,5,6,8,30106,4104,8287
baseline,2,2,3,3,3760,3760,37939
baseline,3,2,5,3,5698,5698,46449
baseline,3,1,2,42,10119,3937,18260
baseline,3,2,3,3,3776,3776,38749
new,0,0,1,10,65286,9551,93794
new,0,2,5,1,4050,4050,203190
new,0,2,4,3,13653,4745,200851
new,0,5,6,1,6653,6653,222672
new,0,6,7,8,57747,11174,350922
new,0,2,3,1,3777,3777,186437
new,0,1,2,10,5467,5467,128406
new,0,3,4,3,9587,4068,29869
new,0,4,6,3,4676,4676,65539
new,1,0,1,10,82289,10912,13158
new,1,2,5,1,4613,4613,55797
new,1,5,6,1,4894,4894,5877
new,1,1,2,10,4040,4040,9658
new,1,6,7,8,50190,9266,11556
new,2,0,1,10,62724,8908,19459
new,2,2,5,1,4024,4024,61834
new,1,2,4,3,13483,4647,4847
new,1,3,4,3,8213,2823,3377
new,2,5,6,1,5854,5854,4135
new,2,1,2,10,4072,4072,8269
new,3,2,5,1,4939,4939,61995
new,3,0,1,10,59550,6545,17778
new,2,6,7,8,51552,10760,21073
new,1,4,6,3,3302,3302,6427
new,3,5,6,1,5495,5495,5667
new,3,1,2,10,4696,4696,10319
new,2,2,4,3,13439,4631,4293
new,1,2,3,1,2547,2547,26477
new,2,3,4,3,8184,2805,3111
new,3,6,7,8,49785,7383,20384
new,2,4,6,3,3159,3159,10536
new,3,2,4,3,13491,4652,4356
new,3,3,4,3,8214,2824,8074
new,3,4,6,3,3180,3180,11428
new,2,2,3,1,2479,2479,35733
new,3,2,3,1,2495,2495,36754
